Region,Avg_Downtime,Total_Downtime,Avg_Customers_Affected,Total_Customers_Affected
Australia,11.104166666666666,533,24775.208333333332,1189210
China,12.038461538461538,626,25284.53846153846,1314796
Europe,11.052631578947368,630,29391.57894736842,1675320
India,11.333333333333334,612,25425.462962962964,1372975
Japan,11.5625,740,22345.296875,1430099
USA,9.705882352941176,495,24634.470588235294,1256358
